user_id,name,email,age
54833407-3d0f-400d-9667-d5a0129f2356,Norma Fisher,tammy76@example.com,79
f9c3552b-bed1-47c9-8b79-bcb15027c09d,Steven Robinson,juancampos@example.net,120
14c6502b-4263-4630-a8de-a1b253c2a123,Theodore Mcgrath,kyleblair@example.net,60
1b0c66ad-349a-4177-9375-29a5f5345ca6,Brian Hamilton,tammywoods@example.net,51
8422b8ac-bbf2-4dbf-afaa-0a0a96637a45,Thomas Moon,cortezraymond@example.net,98
23112d60-515c-46af-96c8-7f08a4ebdaae,Johnny Dillon,jessicapadilla@example.org,42
dcf233f3-3cff-4048-8681-4bbdd8dda656,Connie Pratt,lindawest@example.org,58
c1e99336-72e1-475e-83ab-f5fb5ce00dfc,Yolanda Burns,andrea18@example.com,87
74084a0e-0764-4023-92f0-dae3ea5575bb,Robert Payne,sean96@example.com,91
ab36a512-71b0-4845-a343-bce15abc0bfc,Clinton Underwood,salazardiane@example.com,26
dfe2e06b-bfaf-4d41-9f69-c0def4ec323a,Peter Mcdowell,kirbyrachael@example.net,105
094bb88b-af37-450e-a482-91a1c67edac9,Michael Hill,melissajacobson@example.net,71
ce0d5e83-3275-41ac-a889-720c4de85271,Joanne Keller,christopher91@example.com,93
a26990e2-ec8f-4775-9ff8-a6a921406bfb,Sarah Sanchez,dave35@example.org,60
6101a9e2-cd79-46ab-b85a-4746f46f9c82,Antonio Logan,brandonberry@example.net,95
b609677c-72b4-4114-b46e-35f83574aa5e,Alyssa Reid,myersmitchell@example.org,22
82adf8da-b6d8-435d-b8d4-f95eaf6c0376,Chloe Arellano,mendozajessica@example.org,104
6beb1032-d2a7-444c-8f60-257b56d1d709,Jeffery Garcia,chad14@example.com,73
73809579-fb34-44fd-8f03-8704a8847e2d,Jonathan Williams,lyonspeter@example.com,63
d299126e-40d2-406c-b62f-5b638f8bb704,Julie Barrera,heidiharris@example.org,118
5e223670-1444-4a23-925e-dc85bfbecce3,Sarah Peterson,david72@example.org,78
c589a306-461e-498d-9a80-0470865a66ef,Stephanie Golden,deborah64@example.org,89
c2abe4f7-b062-46f3-9156-2230e26ba886,Judith Miller,stephensdennis@example.com,63
6ba67bdf-d38c-46c5-8507-8cd26be37f2a,Megan Garza,jenniferhughes@example.com,101
f7e8dfaf-5af1-4bdb-9d22-d9d53725707e,Kristopher Hale,johnwalsh@example.com,108
11fec96d-32eb-4792-bcdc-e9c56f4316eb,Laura Perry,ksavage@example.com,116
957b5041-a529-4785-95a8-bd6d1edfef7f,Amber Griffin,jacqueline78@example.com,89
24dfaa76-fc7d-4875-9a1f-a82afa9c264d,April Williams,larry70@example.com,42
b145683b-cfe1-4c4c-a43b-13cf2474f823,Tonya Irwin,valeriemorales@example.net,71
1d995ccd-c4b8-4f4f-95fc-a583b376ff6d,Daniel Love,bairdemma@example.net,30
8ebe8288-59ba-4e0f-81e2-d5fd8054f0a9,Lee Gonzalez,joshua21@example.com,68
10af4f93-6f9f-46f6-bf2a-dcb67668021d,Alison Sloan,callahandennis@example.net,101
82f4942e-ba79-49c4-8aec-f6fbd91f3a7a,Ashley Moore,williamsjamie@example.com,89
eb8e7208-9cbe-4874-9583-71991a1eeae2,Jacob Bradley,mathissusan@example.net,101
8881face-4aa2-406b-8802-fa2ef23ff0d3,Mathew Ellis MD,jaredmatthews@example.org,35
2b765b50-ecfb-4d5e-bcee-cae89cfa2792,Gavin Clarke,morganchristine@example.org,52
1860a519-e6b0-48f3-8f27-0e125642262b,William Roberts,ihays@example.com,32
4bca69cf-4b24-4e8a-b0cd-d285a2d26acc,David Williams,melodychandler@example.com,69
ba3d63f8-8bc6-4899-a698-20368f0accb1,Elizabeth Rodriguez,zwells@example.com,33
67d934fb-0baa-41e7-9795-83baea0fbb95,Michael Simmons,matthew22@example.net,90
42c75f2d-774d-4626-9c61-a37f84823fa3,William Fowler,mortonjames@example.org,25
4b3e0c30-965b-4a75-bc7c-a66da2d8a210,Brent Hawkins,shane79@example.net,104
bcc0a37c-802c-4cbb-a314-e71cab5ae2f4,Bradley Robinson,brenda26@example.org,63
cab08aa6-987c-4ff5-b802-006ff5996e3e,Rodney Farrell,leachshannon@example.net,43
93f9a9e5-3613-43e3-8a88-5741079f165d,James Clark,shealaura@example.net,36
600f7390-fddb-4016-880f-572739c50f64,Jimmy Ward,danielcarlson@example.com,36
c7f4c0ab-9123-4a35-9952-a6e12e4fdbf4,Margaret Henderson,ushelton@example.com,81
8f096b74-3485-40d6-95e4-3606838fe412,Shelly Daniels,alecthornton@example.net,58
98c8bd0b-6d9c-427e-9c0a-30109cfd573f,Amanda Hernandez,carrie26@example.net,55
151c28ec-fc13-4240-bc3f-ebea298b3e53,Renee Jones,blackruth@example.org,46
f65705ba-0731-4b64-9223-b06d3420cb06,Eric Blake,krivera@example.org,101
a50963e5-33fe-4a6e-a80f-7b7137f35ef1,Jacob Reyes,berryerika@example.net,115
6d26a985-0846-4e97-8754-fe8fec66731a,Angela Simmons,keithsantana@example.com,79
2adb532a-2940-4c8e-8056-5eee8ccb8910,Valerie Lawson,melissayates@example.net,18
cdc01dd6-e738-4bca-93e7-330d90200721,Elizabeth Hudson,cameron44@example.com,67
ad1aca74-2ec0-408d-9ebf-36a1d849ab02,Amy Davidson,johnblair@example.com,25
1be4f886-a313-4661-8097-a68f9053e150,Karen Thomas,nunezedward@example.com,70
01733d18-2d20-4f7b-82fa-b91a067557a9,John Ellis,ruizedward@example.org,94
87776ca8-adbe-4e37-bf8c-2eebb9f7f440,Lorraine Garcia,james71@example.org,96
8de8a8fd-2c4f-4668-9751-1f31a1643cf2,Lisa Peck,montesjennifer@example.com,118
d243626c-9bb9-4d77-8876-0dea273266f4,Tina Hughes,sabrina18@example.org,22
827d2883-5ec7-4fe0-a0f4-af79399ee48e,Jill Sherman,okelly@example.org,23
8918d6a3-8a94-4aa0-a305-caae761374db,Amanda Scott,duffyelizabeth@example.net,45
9522523a-0a8d-4331-8175-94ba8c1998ec,Ricardo Wilkerson,hhunter@example.org,72
fef690d7-772a-4114-828d-d79a43933259,Jennifer Miller,perrycory@example.org,111
40dcacf5-487e-41d6-a75a-fdee2ff50a8d,Raven Jordan,ujohnson@example.net,50
8141b9e7-b427-492a-82f0-2050eeffeef6,Benjamin Howard,reedgregory@example.org,64
b8547b7d-e897-42c2-a88e-dc3f3013e1ed,Steven Clark,donnadennis@example.org,113
e39505c1-6e38-4c56-884d-85cb4a3fccd4,Jacob Johnson,michelelopez@example.org,79
616f781e-2dbe-4e5a-b613-369b05e2f8b5,Tyler Anderson,michaelkennedy@example.com,55
ea6b9340-8814-40b0-a8cf-98feb1e2905b,Tina Fields,brittanymiller@example.net,92
bd4ec0f2-6b5d-4f7a-b650-9acbb17c3349,James Thomas,lindastewart@example.org,48
e9b8e8fe-d992-4c50-ab98-189db2a7f882,Donna Barnes,callahancarolyn@example.com,27
1e3b5bcc-1dc3-4383-ab5e-d3c15e33d5e5,Bonnie Evans,jyang@example.net,72
